-0.000983055,-0.000983055,-0.0263608,-0.0263608
-0.000983055,-0.000983055,-0.0263608,-0.0263608
-0.000983055,-0.000983055,-0.0263608,-0.0263608
-0.000983055,-0.000983055,-0.0263608,-0.0263608
-0.000983055,-0.000983055,-0.0263608,-0.0263608
-0.000983055,-0.000983055,-0.0263608,-0.0263608
-0.000983055,-0.000983055,-0.0263608,-0.0263608
-0.000983055,-0.000983055,-0.0263608,-0.0263608
-0.000983055,-0.000983055,-0.0263608,-0.0263608
-0.000983055,-0.000983055,-0.0263608,-0.0263608
-0.000983055,-0.000983055,-0.0263608,-0.0263608
-0.000983055,-0.000983055,-0.0263608,-0.0263608
-0.000983055,-0.000983055,-0.0263608,-0.0263608
-0.000983055,-0.000983055,-0.0263608,-0.0263608
-0.000983055,-0.000983055,-0.0263608,-0.0263608
-0.000983055,-0.000983055,-0.0263608,-0.0263608
-0.000983055,-0.000983055,-0.0263608,-0.0263608
-0.000983055,-0.000983055,-0.0263608,-0.0263608
-0.000983055,-0.000983055,-0.0263608,-0.0263608
-0.000983055,-0.000983055,-0.0263608,-0.0263608
-0.000983055,-0.000983055,-0.0263608,-0.0263608
-0.000983055,-0.000983055,-0.0263608,-0.0263608
-0.000983055,-0.000983055,-0.0263608,-0.0263608
-0.000983055,-0.000983055,-0.0263608,-0.0263608
-0.000983055,-0.000983055,-0.0263608,-0.0263608
-0.000983055,-0.000983055,-0.0263608,-0.0263608
-0.000983055,-0.000983055,-0.0263608,-0.0263608
-0.000983055,-0.000983055,-0.0263608,-0.0263608
-0.000983055,-0.000983055,-0.0263608,-0.0263608
-0.000983055,-0.000983055,-0.0263608,-0.0263608
-0.000983055,-0.000983055,-0.0263608,-0.0263608
-0.000983055,-0.000983055,-0.0263608,-0.0263608
-0.000983055,-0.000983055,-0.0263608,-0.0263608
-0.000983055,-0.000983055,-0.0263608,-0.0263608
-0.000983055,-0.000983055,-0.0263608,-0.0263608
-0.000983055,-0.000983055,-0.0263608,-0.0263608
-0.000983055,-0.000983055,-0.0263608,-0.0263608
-0.000983055,-0.000983055,-0.0263608,-0.0263608
-0.000983055,-0.000983055,-0.0263608,-0.0263608
-0.000983055,-0.000983055,-0.0263608,-0.0263608
-0.000983055,-0.000983055,-0.0263608,-0.0263608
-0.000983055,-0.000983055,-0.0263608,-0.0263608
-0.000983055,-0.000983055,-0.0263608,-0.0263608
-0.000983055,-0.000983055,-0.0263608,-0.0263608
-0.000983055,-0.000983055,-0.0263608,-0.0263608
-0.000983055,-0.000983055,-0.0263608,-0.0263608
-0.000983055,-0.000983055,-0.0263608,-0.0263608
-0.000983055,-0.000983055,-0.0263608,-0.0263608
-0.000983055,-0.000983055,-0.0263608,-0.0263608
-0.000983055,-0.000983055,-0.0263608,-0.0263608
-0.000983055,-0.000983055,-0.0263608,-0.0263608
-0.000983055,-0.000983055,-0.0263608,-0.0263608
-0.000983055,-0.000983055,-0.0263608,-0.0263608
-0.000983055,-0.000983055,-0.0263608,-0.0263608
-0.000983055,-0.000983055,-0.0263608,-0.0263608
-0.000983055,-0.000983055,-0.0263608,-0.0263608
-0.000983055,-0.000983055,-0.0263608,-0.0263608
-0.000983055,-0.000983055,-0.0263608,-0.0263608
-0.000983055,-0.000983055,-0.0263608,-0.0263608
-0.000983055,-0.000983055,-0.0263608,-0.0263608
-0.000983055,-0.000983055,-0.0263608,-0.0263608
-0.000983055,-0.000983055,-0.0263608,-0.0263608
-0.000983055,-0.000983055,-0.0263608,-0.0263608
-0.000983055,-0.000983055,-0.0263608,-0.0263608
-0.000983055,-0.000983055,-0.0263608,-0.0263608
-0.000983055,-0.000983055,-0.0263608,-0.0263608
-0.000983055,-0.000983055,-0.0263608,-0.0263608
-0.000983055,-0.000983055,-0.0263608,-0.0263608
-0.000983055,-0.000983055,-0.0263608,-0.0263608
-0.000983055,-0.000983055,-0.0263608,-0.0263608
-0.000983055,-0.000983055,-0.0263608,-0.0263608
-0.000983055,-0.000983055,-0.0263608,-0.0263608
-0.000983055,-0.000983055,-0.0263608,-0.0263608
-0.000983055,-0.000983055,-0.0263608,-0.0263608
-0.000983055,-0.000983055,-0.0263608,-0.0263608
-0.000983055,-0.000983055,-0.0263608,-0.0263608
-0.000983055,-0.000983055,-0.0263608,-0.0263608
-0.000983055,-0.000983055,-0.0263608,-0.0263608
-0.000983055,-0.000983055,-0.0263608,-0.0263608
-0.000983055,-0.000983055,-0.0263608,-0.0263608
-0.000983055,-0.000983055,-0.0263608,-0.0263608
-0.000983055,-0.000983055,-0.0263608,-0.0263608
-0.000983055,-0.000983055,-0.0263608,-0.0263608
-0.000983055,-0.000983055,-0.0263608,-0.0263608
-0.000983055,-0.000983055,-0.0263608,-0.0263608
-0.000983055,-0.000983055,-0.0263608,-0.0263608
-0.000983055,-0.000983055,-0.0263608,-0.0263608
-0.000983055,-0.000983055,-0.0263608,-0.0263608
-0.000983055,-0.000983055,-0.0263608,-0.0263608
-0.000983055,-0.000983055,-0.0263608,-0.0263608
-0.000983055,-0.000983055,-0.0263608,-0.0263608
-0.000983055,-0.000983055,-0.0263608,-0.0263608
-0.000983055,-0.000983055,-0.0263608,-0.0263608
-0.000983055,-0.000983055,-0.0263608,-0.0263608
-0.000983055,-0.000983055,-0.0263608,-0.0263608
-0.000983055,-0.000983055,-0.0263608,-0.0263608
-0.000983055,-0.000983055,-0.0263608,-0.0263608
-0.000983055,-0.000983055,-0.0263608,-0.0263608
-0.000983055,-0.000983055,-0.0263608,-0.0263608
-0.000983055,-0.000983055,-0.0263608,-0.0263608
-0.000983055,-0.000983055,-0.0263608,-0.0263608
-0.000983055,-0.000983055,-0.0263608,-0.0263608
-0.000983055,-0.000983055,-0.0263608,-0.0263608
-0.000983055,-0.000983055,-0.0263608,-0.0263608
-0.000983055,-0.000983055,-0.0263608,-0.0263608
-0.000983055,-0.000983055,-0.0263608,-0.0263608
-0.000983055,-0.000983055,-0.0263608,-0.0263608
-0.000983055,-0.000983055,-0.0263608,-0.0263608
-0.000983055,-0.000983055,-0.0263608,-0.0263608
-0.000983055,-0.000983055,-0.0263608,-0.0263608
-0.000983055,-0.000983055,-0.0263608,-0.0263608
-0.000983055,-0.000983055,-0.0263608,-0.0263608
-0.000983055,-0.000983055,-0.0263608,-0.0263608
-0.000983055,-0.000983055,-0.0263608,-0.0263608
-0.000983055,-0.000983055,-0.0263608,-0.0263608
-0.000983055,-0.000983055,-0.0263608,-0.0263608
-0.000983055,-0.000983055,-0.0263608,-0.0263608
-0.000983055,-0.000983055,-0.0263608,-0.0263608
-0.000983055,-0.000983055,-0.0263608,-0.0263608
-0.000983055,-0.000983055,-0.0263608,-0.0263608
-0.000983055,-0.000983055,-0.0263608,-0.0263608
-0.000983055,-0.000983055,-0.0263608,-0.0263608
-0.000983055,-0.000983055,-0.0263608,-0.0263608
-0.000983055,-0.000983055,-0.0263608,-0.0263608
-0.000983055,-0.000983055,-0.0263608,-0.0263608
-0.000983055,-0.000983055,-0.0263608,-0.0263608
-0.000983055,-0.000983055,-0.0263608,-0.0263608
-0.000983055,-0.000983055,-0.0263608,-0.0263608
-0.000983055,-0.000983055,-0.0263608,-0.0263608
-0.000983055,-0.000983055,-1.66155,-1.66155
-0.000983055,-0.000983055,-1.22709,-1.22709
-0.000983055,-0.000983055,-0.7269,-0.7269
-0.000983055,-0.000983055,-0.19937,-0.19937
-0.000983055,-0.000983055,-0.0499041,-0.0499041
-0.000983055,-0.000983055,-0.0263608,-0.0263608
-0.000983055,-0.000983055,-0.0263608,-0.0263608
-0.000983055,-0.000983055,-0.0263608,-0.0263608
-0.000983055,-0.000983055,-0.0263608,-0.0263608
-0.000983055,-0.000983055,-0.0263608,-0.0263608
-0.000341021,-0.000341021,-0.0263608,-0.0263608
0.00271426,0.00271426,-0.0263608,-0.0263608
0.0134002,0.0134002,-0.0263608,-0.0263608
0.0461302,0.0461302,-0.0263608,-0.0263608
0.135837,0.135837,-0.0263608,-0.0263608
0.359525,0.359525,-0.0263608,-0.0263608
0.790723,0.790723,-0.0263608,-0.0263608
1.19626,1.19626,-0.0263608,-0.0263608
1.57815,1.57815,-0.0263608,-0.0263608
1.94747,1.94747,-0.0261955,-0.0261955
2.31274,2.31274,-0.0248182,-0.0248182
2.67961,2.67961,-0.01846,-0.01846
3.05005,3.05005,0.00613867,0.00613867
-2.86315,3.42004,0.0893288,0.0893288
-2.48796,3.79523,0.33616,0.33616
-2.10938,4.17381,0.773849,0.773849
-1.72035,4.56284,1.18618,1.18618
-1.30562,4.97757,1.57339,1.57339
-0.839518,5.44367,1.94731,1.94731
-0.259576,6.02361,2.3171,2.3171
-0.0623214,6.22086,2.68851,2.68851
-0.000983055,6.2822,3.06351,3.06351
-0.000983055,6.2822,-2.91396,3.36923
-0.000983055,6.2822,-2.53411,3.74908
-0.000983055,6.2822,-2.15056,4.13263
-0.000983055,6.2822,-1.75529,4.5279
-0.000983055,6.2822,-1.33089,4.9523
-0.000983055,6.2822,-0.851684,5.4315
-0.000983055,6.2822,-0.278176,6.00501
-0.000983055,6.2822,-0.0713537,6.21183
-0.000983055,6.2822,-0.0263608,6.25682
-0.000983055,6.2822,-0.0263608,6.25682
-0.000983055,6.2822,-0.0263608,6.25682
-0.000983055,6.2822,-0.0263608,6.25682
-0.000983055,6.2822,-0.0263608,6.25682
-0.000526468,6.28266,-0.0263608,6.25682
0.00183387,6.28502,-0.0263608,6.25682
0.0103499,6.29354,-0.0263608,6.25682
0.0370249,6.32021,-0.0263608,6.25682
0.111814,6.395,-0.0263608,6.25682
0.302019,6.5852,-0.0263608,6.25682
0.712072,6.99526,-0.0263608,6.25682
1.12189,7.40508,-0.0263608,6.25682
1.50756,7.79075,-0.0263608,6.25682
1.87859,8.16178,-0.026302,6.25688
2.24403,8.52722,-0.0253643,6.25782
2.61031,8.8935,-0.0206964,6.26249
2.98002,9.26321,-0.00208703,6.2811
-2.93366,9.63271,0.0626021,6.34579
-2.55886,10.0075,0.260076,6.54326
-2.18128,10.3851,0.684845,6.96803
-1.79511,10.7713,1.10254,7.38573
-1.3867,11.1797,1.49386,7.77705
-0.932603,11.6338,1.86974,8.15293
-0.372842,12.1935,2.23977,8.52296
-0.0759227,12.4904,2.61055,8.89374
-0.000983055,12.5654,2.98479,9.26798
-0.000983055,12.5654,-2.99318,9.57319
-0.000983055,12.5654,-2.61374,9.95263
-0.000983055,12.5654,-2.23136,10.335
-0.000983055,12.5654,-1.83964,10.7267
-0.000983055,12.5654,-1.42321,11.1432
-0.000983055,12.5654,-0.958215,11.6082
-0.000983055,12.5654,-0.384758,12.1816
-0.000983055,12.5654,-0.0963923,12.47
-0.000983055,12.5654,-0.0263608,12.54
-0.000983055,12.5654,-0.0263608,12.54
-0.000983055,12.5654,-0.0263608,12.54
-0.000983055,12.5654,-0.0263608,12.54
-0.000983055,12.5654,-0.0263608,12.54
-0.000663464,12.5657,-0.0263608,12.54
0.0011886,12.5676,-0.0263608,12.54
0.00810849,12.5745,-0.0263608,12.54
0.030265,12.5966,-0.0263608,12.54
0.0937365,12.6601,-0.0263608,12.54
0.258075,12.8244,-0.0263608,12.54
0.634668,13.201,-0.0263608,12.54
1.05068,13.6171,-0.0263608,12.54
1.44091,14.0073,-0.0263608,12.54
1.81403,14.3804,-0.0263608,12.54
2.17995,14.7463,-0.0257162,12.5407
2.54583,15.1122,-0.0222075,12.5442
2.91492,15.4813,-0.00779721,12.5586
-2.99918,15.8504,0.0435908,12.61
-2.62468,16.2249,0.204228,12.7706
-2.24782,16.6017,0.599544,13.1659
-1.86387,16.9857,1.0226,13.589
-1.46074,17.3888,1.41851,13.9849
-1.01716,17.8324,1.79666,14.363
-0.485518,18.364,2.16717,14.7335
-0.0866875,18.7629,2.53745,15.1038
-0.00235656,18.8472,2.91094,15.4773
-0.000983055,18.8486,-3.06757,15.782
-0.000983055,18.8486,-2.6885,16.1611
-0.000983055,18.8486,-2.307,16.5426
-0.000983055,18.8486,-1.91801,16.9315
-0.000983055,18.8486,-1.50811,17.3414
-0.000983055,18.8486,-1.05471,17.7948
-0.000983055,18.8486,-0.504833,18.3447
-0.000983055,18.8486,-0.123402,18.7262
-0.000983055,18.8486,-0.0276028,18.822
-0.000983055,18.8486,-0.0263608,18.8232
-0.000983055,18.8486,-0.0263608,18.8232
-0.000983055,18.8486,-0.0263608,18.8232
-0.000983055,18.8486,-0.0263608,18.8232
-0.000782878,18.8488,-0.0263608,18.8232
0.00063285,18.8502,-0.0263608,18.8232
0.0061744,18.8557,-0.0263608,18.8232
0.0243449,18.8739,-0.0263608,18.8232
0.0775235,18.9271,-0.0263608,18.8232
0.217542,19.0671,-0.0263608,18.8232
0.54999,19.3995,-0.0263608,18.8232
0.974743,19.8243,-0.0263608,18.8232
1.36983,20.2194,-0.0263608,18.8232
1.74511,20.5947,-0.0263608,18.8232
2.11167,20.9612,-0.0259087,18.8236
2.47718,21.3267,-0.0232616,18.8263
2.84557,21.6951,-0.0120602,18.8375
-3.06909,22.0637,0.028926,18.8785
-2.69493,22.4378,0.16019,19.0097
-2.31871,22.814,0.513126,19.3627
-1.93676,23.196,0.942443,19.792
-1.53863,23.5941,1.34323,20.1928
-1.10518,24.0276,1.7238,20.5734
-0.600393,24.5323,2.09499,20.9445
-0.110596,25.0221,2.46486,21.3144
-0.0167388,25.116,2.83756,21.6871
-0.000983055,25.1318,-3.14159,21.9912
-0.000983055,25.1318,-2.76294,22.3698
-0.000983055,25.1318,-2.38216,22.7506
-0.000983055,25.1318,-1.9954,23.1373
-0.000983055,25.1318,-1.59115,23.5416
-0.000983055,25.1318,-1.14837,23.9844
-0.000983055,25.1318,-0.627155,24.5056
-0.000983055,25.1318,-0.16,24.9727
-0.000983055,25.1318,-0.0383082,25.0944
-0.000983055,25.1318,-0.0263608,25.1064
-0.000983055,25.1318,-0.0263608,25.1064
-0.000983055,25.1318,-0.0263608,25.1064
-0.000983055,25.1318,-0.0263608,25.1064
-0.000892639,25.1318,-0.0263608,25.1064
0.00013463,25.1329,-0.0263608,25.1064
0.00444648,25.1372,-0.0263608,25.1064
0.0189693,25.1517,-0.0263608,25.1064
0.0623714,25.1951,-0.0263608,25.1064
0.178584,25.3113,-0.0263608,25.1064
0.461073,25.5938,-0.0263608,25.1064
0.894868,26.0276,-0.0263608,25.1064
1.29502,26.4278,-0.0263608,25.1064
1.67295,26.8057,-0.0263608,25.1064
2.04054,27.1733,-0.0260626,25.1067
2.40587,27.5386,-0.0241002,25.1086
2.77361,27.9064,-0.0154926,25.1172
-3.14159,28.2743,0.0168426,25.1496
-2.76774,28.6482,0.123082,25.2558
-2.392,29.0239,0.425681,25.5584
-2.01171,29.4042,0.861502,25.9942
-1.61798,29.7979,1.26787,26.4006
-1.19348,30.2224,1.65143,26.7842
-0.708823,30.7071,2.02375,27.1565
-0.15298,31.2629,2.39348,27.5262
-0.0362824,31.3796,2.76553,27.8983
-0.000983055,31.4149,3.14119,28.2739
-0.000983055,31.4149,-2.83589,28.58
-0.000983055,31.4149,-2.45561,28.9603
-0.000983055,31.4149,-2.07059,29.3453
-0.000983055,31.4149,-1.67108,29.7448
-0.000983055,31.4149,-1.23773,30.1782
-0.000983055,31.4149,-0.740106,30.6758
-0.000983055,31.4149,-0.205849,31.2101
-0.000983055,31.4149,-0.0517729,31.3642
-0.000983055,31.4149,-0.0263608,31.3896
-0.000983055,31.4149,-0.0263608,31.3896
-0.000983055,31.4149,-0.0263608,31.3896
-0.000983055,31.4149,-0.0263608,31.3896
-0.000983055,31.4149,-0.0263608,31.3896
-0.000281133,31.4156,-0.0263608,31.3896
0.00299498,31.4189,-0.0263608,31.3896
0.0143774,31.4303,-0.0263608,31.3896
0.0491141,31.465,-0.0263608,31.3896
0.143968,31.5599,-0.0263608,31.3896
0.379364,31.7953,-0.0263608,31.3896
0.813598,32.2295,-0.0263608,31.3896
1.21806,32.634,-0.0263608,31.3896
1.599,33.0149,-0.0263608,31.3896
1.96791,33.3838,-0.0261882,31.3897
2.33318,33.7491,-0.0247747,31.3912
2.70025,34.1162,-0.0182739,31.3977
3.0709,34.4868,0.00681984,31.4227
-2.84216,34.857,0.0914887,31.5074
-2.46685,35.2323,0.342027,31.758
-2.08793,35.6112,0.779918,32.1958
-1.69796,36.0012,1.19185,32.6078
-1.28123,36.4179,1.5788,32.9947
-0.811422,36.8877,1.9526,33.3685
-0.230619,37.4685,2.32238,33.7383
-0.0572174,37.6419,2.69384,34.1098
-0.000983055,37.6981,3.0689,34.4848
-0.000983055,37.6981,-2.90853,34.7906
-0.000983055,37.6981,-2.52865,35.1705
-0.000983055,37.6981,-2.145,35.5541
-0.000983055,37.6981,-1.74946,35.9497
-0.000983055,37.6981,-1.32449,36.3746
-0.000983055,37.6981,-0.844219,36.8549
-0.000983055,37.6981,-0.272194,37.4269
-0.000983055,37.6981,-0.0698445,37.6293
-0.000983055,37.6981,-0.0263608,37.6728
-0.000983055,37.6981,-0.0263608,37.6728
-0.000983055,37.6981,-0.0263608,37.6728
-0.000983055,37.6981,-0.0263608,37.6728
-0.000983055,37.6981,-0.0263608,37.6728
-0.00049398,37.6986,-0.0263608,37.6728
0.00197925,37.7011,-0.0263608,37.6728
0.0108456,37.71,-0.0263608,37.6728
0.0385366,37.7376,-0.0263608,37.6728
0.115968,37.8151,-0.0263608,37.6728
0.312368,38.0115,-0.0263608,37.6728
0.728206,38.4273,-0.0263608,37.6728
1.13705,38.8362,-0.0263608,37.6728
1.52187,39.221,-0.0263608,37.6728
1.89251,39.5916,-0.0262903,37.6728
2.25789,39.957,-0.0253059,37.6738
2.62427,40.3234,-0.020459,37.6787
2.99412,40.6932,-0.00120415,37.6979
-2.91947,41.0628,0.0655309,37.7646
-2.54461,41.4377,0.26864,37.9678
-2.16686,41.8154,0.696119,38.3952
-1.78016,42.2021,1.11316,38.8123
-1.37054,42.6118,1.50392,39.203
-0.914055,43.0682,1.87953,39.5786
-0.348706,43.6336,2.24952,39.9486
-0.0735942,43.9087,2.62038,40.3195
-0.000983055,43.9813,2.99472,40.6938
-0.000983055,43.9813,-2.98318,40.9991
-0.000983055,43.9813,-2.60369,41.3786
-0.000983055,43.9813,-2.22118,41.7611
-0.000983055,43.9813,-1.82905,42.1532
-0.000983055,43.9813,-1.41168,42.5706
-0.000983055,43.9813,-0.945039,43.0373
-0.000983055,43.9813,-0.369726,43.6126
-0.000983055,43.9813,-0.0930566,43.8892
-0.000983055,43.9813,-0.0263608,43.9559
-0.000983055,43.9813,-0.0263608,43.9559
-0.000983055,43.9813,-0.0263608,43.9559
-0.000983055,43.9813,-0.0263608,43.9559
-0.000983055,43.9813,-0.0263608,43.9559
-0.000659768,43.9816,-0.0263608,43.9559
0.00119959,43.9835,-0.0263608,43.9559
0.00813683,43.9904,-0.0263608,43.9559
0.0303493,44.0126,-0.0263608,43.9559
0.0940011,44.0763,-0.0263608,43.9559
0.258857,44.2412,-0.0263608,43.9559
0.636389,44.6187,-0.0263608,43.9559
1.05227,45.0346,-0.0263608,43.9559
1.44241,45.4247,-0.0263608,43.9559
1.81549,45.7978,-0.0263608,43.9559
2.1814,46.1637,-0.0256972,43.9566
2.54728,46.5296,-0.0221054,43.9602
2.91638,46.8987,-0.00738402,43.9749
-2.99772,47.2678,0.0450295,44.0273
-2.62322,47.6423,0.208623,44.1909
-2.24635,48.0191,0.607278,44.5896
-1.86236,48.4031,1.02986,45.0122
-1.45912,48.8064,1.42537,45.4077
-1.01528,49.2502,1.80334,45.7856
-0.482944,49.7825,2.1738,46.1561
-0.0862599,50.1792,2.54413,46.5264
-0.0021023,50.2634,2.9177,46.9
-0.000983055,50.2645,-3.06075,47.2047
-0.000983055,50.2645,-2.68165,47.5838
-0.000983055,50.2645,-2.30008,47.9654
-0.000983055,50.2645,-1.91086,48.3546
-0.000983055,50.2645,-1.50039,48.7651
-0.000983055,50.2645,-1.04596,49.2195
-0.000983055,50.2645,-0.493423,49.7721
-0.000983055,50.2645,-0.120269,50.1452
-0.000983055,50.2645,-0.0267089,50.2388
-0.000983055,50.2645,-0.0263608,50.2391
-0.000983055,50.2645,-0.0263608,50.2391
-0.000983055,50.2645,-0.0263608,50.2391
-0.000983055,50.2645,-0.0263608,50.2391
-0.000791977,50.2647,-0.0263608,50.2391
0.000589603,50.2661,-0.0263608,50.2391
0.00602156,50.2715,-0.0263608,50.2391
0.0238679,50.2894,-0.0263608,50.2391
0.0761841,50.3417,-0.0263608,50.2391
0.21411,50.4796,-0.0263608,50.2391
0.542369,50.8079,-0.0263608,50.2391
0.967969,51.2335,-0.0263608,50.2391
1.3635,51.629,-0.0263608,50.2391
1.73899,52.0045,-0.0263608,50.2391
2.10563,52.3711,-0.025907,50.2396
2.47111,52.7366,-0.0232543,50.2422
2.83944,53.1049,-0.0120316,50.2535
-3.07527,53.4734,0.0290367,50.2945
-2.70114,53.8475,0.160577,50.4261
-2.32496,54.2237,0.514064,50.7795
-1.94317,54.6055,0.943324,51.2088
-1.54544,55.0032,1.34406,51.6095
-1.11281,55.4359,1.72459,51.9901
-0.610024,55.9386,2.09578,52.3613
-0.113272,56.4354,2.46564,52.7311
-0.0182234,56.5304,2.83835,53.1038
-0.000983055,56.5477,-3.1408,53.4079
-0.000983055,56.5477,-2.76215,53.7865
-0.000983055,56.5477,-2.38136,54.1673
-0.000983055,56.5477,-1.99459,54.5541
-0.000983055,56.5477,-1.59028,54.9584
-0.000983055,56.5477,-1.14738,55.4013
-0.000983055,56.5477,-0.625851,55.9228
-0.000983055,56.5477,-0.159553,56.3891
-0.000983055,56.5477,-0.0381809,56.5105
-0.000983055,56.5477,-0.0263608,56.5223
-0.000983055,56.5477,-0.0263608,56.5223
-0.000983055,56.5477,-0.0263608,56.5223
-0.000983055,56.5477,-0.0263608,56.5223
-0.000901079,56.5478,-0.0263608,56.5223
9.92614e-05,56.5488,-0.0263608,56.5223
0.00432905,56.553,-0.0263608,56.5223
0.0186045,56.5673,-0.0263608,56.5223
0.0613165,56.61,-0.0263608,56.5223
0.175789,56.7245,-0.0263608,56.5223
0.454428,57.0031,-0.0263608,56.5223
0.888675,57.4373,-0.0263608,56.5223
1.28918,57.8378,-0.0263608,56.5223
1.66733,58.216,-0.0263608,56.5223
2.03501,58.5837,-0.026067,56.5226
2.40034,58.949,-0.0241245,56.5245
2.76803,59.3167,-0.0155931,56.5331
3.1393,59.688,0.0164824,56.5652
-2.77339,60.0585,0.121958,56.6706
-2.39768,60.4342,0.422844,56.9715
-2.0175,60.8144,0.85884,57.4075
-1.62407,61.2078,1.2654,57.8141
-1.20021,61.6316,1.64906,58.1977
-0.716836,62.115,2.02143,58.5701
-0.157504,62.6743,2.39115,58.9398
-0.0379295,62.7939,2.76318,59.3118
-0.000983055,62.8309,3.13882,59.6875
-0.000983055,62.8309,-2.83827,59.9936
-0.000983055,62.8309,-2.45801,60.3738
-0.000983055,62.8309,-2.07304,60.7588
-0.000983055,62.8309,-1.67366,61.1582
-0.000983055,62.8309,-1.2406,61.5913
-0.000983055,62.8309,-0.743632,62.0882
-0.000983055,62.8309,-0.207618,62.6242
-0.000983055,62.8309,-0.0522819,62.7796
-0.000983055,62.8309,-0.0263608,62.8055
-0.000983055,62.8309,-0.0263608,62.8055
-0.000983055,62.8309,-0.0263608,62.8055
-0.000983055,62.8309,-0.0263608,62.8055
-0.000983055,62.8309,-0.0263608,62.8055
-0.000286072,62.8316,-0.0263608,62.8055
0.00297345,62.8348,-0.0263608,62.8055
0.0143047,62.8462,-0.0263608,62.8055
0.0488919,62.8807,-0.0263608,62.8055
0.143352,62.9752,-0.0263608,62.8055
0.377818,63.2097,-0.0263608,62.8055
0.811843,63.6437,-0.0263608,62.8055
1.21638,64.0482,-0.0263608,62.8055
1.5974,64.4293,-0.0263608,62.8055
1.96633,64.7982,-0.0261915,62.8057
2.33161,65.1635,-0.0247913,62.8071
2.69867,65.5305,-0.0183412,62.8135
3.0693,65.9012,0.00657227,62.8384
-2.84376,66.2713,0.0906791,62.9225
-2.46846,66.6466,0.339746,63.1716
-2.08956,67.0255,0.777536,63.6094
-1.69966,67.4154,1.18962,64.0215
-1.28309,67.8319,1.57667,64.4085
-0.813586,68.3015,1.95052,64.7824
-0.232779,68.8823,2.3203,65.1522
-0.0576338,69.0574,2.69175,65.5236
-0.000983055,69.1141,3.06678,65.8986
-0.000983055,69.1141,-2.91066,66.2044
-0.000983055,69.1141,-2.53078,66.5843
-0.000983055,69.1141,-2.14716,66.9679
-0.000983055,69.1141,-1.75173,67.3633
-0.000983055,69.1141,-1.32699,67.788
-0.000983055,69.1141,-0.847156,68.2679
-0.000983055,69.1141,-0.27456,68.8405
-0.000983055,69.1141,-0.0704498,69.0446
-0.000983055,69.1141,-0.0263608,69.0887
-0.000983055,69.1141,-0.0263608,69.0887
-0.000983055,69.1141,-0.0263608,69.0887
-0.000983055,69.1141,-0.0263608,69.0887
-0.000983055,69.1141,-0.0263608,69.0887
-0.000489147,69.1145,-0.0263608,69.0887
0.00200331,69.117,-0.0263608,69.0887
0.010931,69.126,-0.0263608,69.0887
0.0387943,69.1538,-0.0263608,69.0887
0.11665,69.2317,-0.0263608,69.0887
0.313997,69.429,-0.0263608,69.0887
0.730602,69.8456,-0.0263608,69.0887
1.1393,70.2543,-0.0263608,69.0887
1.524,70.639,-0.0263608,69.0887
1.89458,71.0096,-0.0262909,69.0887
2.25996,71.375,-0.0253075,69.0897
2.62635,71.7414,-0.0204634,69.0946
2.99622,72.1113,-0.00122013,69.1138
-2.91735,72.4809,0.0654674,69.1805
-2.54247,72.8558,0.268417,69.3835
-2.16469,73.2335,0.695807,69.8108
-1.77791,73.6203,1.11286,70.2279
-1.3681,74.0301,1.50364,70.6187
-0.911274,74.4869,1.87926,70.9943
-0.345168,75.0531,2.24924,71.3643
-0.073234,75.325,2.6201,71.7351
-0.000983055,75.3972,2.99444,72.1095
-0.000983055,75.3972,-2.98346,72.4148
-0.000983055,75.3972,-2.60397,72.7943
-0.000983055,75.3972,-2.22146,73.1768
-0.000983055,75.3972,-1.82935,73.5689
-0.000983055,75.3972,-1.412,73.9862
-0.000983055,75.3972,-0.945409,74.4528
-0.000983055,75.3972,-0.370158,75.0281
-0.000983055,75.3972,-0.0931554,75.3051
-0.000983055,75.3972,-0.0263608,75.3719
-0.000983055,75.3972,-0.0263608,75.3719
-0.000983055,75.3972,-0.0263608,75.3719
-0.000983055,75.3972,-0.0263608,75.3719
-0.000983055,75.3972,-0.0263608,75.3719
-0.000653461,75.3976,-0.0263608,75.3719
0.0012288,75.3995,-0.0263608,75.3719
0.00823807,75.4065,-0.0263608,75.3719
0.0306587,75.4289,-0.0263608,75.3719
0.0948483,75.4931,-0.0263608,75.3719
0.260972,75.6592,-0.0263608,75.3719
0.640502,76.0387,-0.0263608,75.3719
1.05602,76.4542,-0.0263608,75.3719
1.44594,76.8442,-0.0263608,75.3719
1.81892,77.2171,-0.0263608,75.3719
2.18481,77.583,-0.0256928,75.3725
2.55071,77.9489,-0.0220809,75.3761
2.91985,78.3181,-0.0072854,75.3909
-2.99422,78.6872,0.0453628,75.4436
-2.6197,79.0617,0.209603,75.6078
-2.24279,79.4386,0.608938,76.0072
-1.85869,79.8227,1.03141,76.4296
-1.45518,80.2262,1.42684,76.8251
-1.0108,80.6706,1.80476,77.203
-0.476954,81.2045,2.17522,77.5734
-0.0852842,81.5961,2.54557,77.9438
-0.00150403,81.6799,2.91915,78.3174
-0.000983055,81.6804,-3.05929,78.6221
-0.000983055,81.6804,-2.68018,79.0012
-0.000983055,81.6804,-2.29858,79.3828
-0.000983055,81.6804,-1.90931,79.7721
-0.000983055,81.6804,-1.49873,80.1827
-0.000983055,81.6804,-1.04408,80.6373
-0.000983055,81.6804,-0.490992,81.1904
-0.000983055,81.6804,-0.119605,81.5618
-0.000983055,81.6804,-0.0265131,81.6549
-0.000983055,81.6804,-0.0263608,81.655
-0.000983055,81.6804,-0.0263608,81.655
-0.000983055,81.6804,-0.0263608,81.655
-0.000983055,81.6804,-0.0263608,81.655
-0.000788105,81.6806,-0.0263608,81.655
0.000606345,81.682,-0.0263608,81.655
0.00607788,81.6875,-0.0263608,81.655
0.0240412,81.7055,-0.0263608,81.655
0.0766731,81.7581,-0.0263608,81.655
0.215378,81.8968,-0.0263608,81.655
0.54523,82.2266,-0.0263608,81.655
0.97052,82.6519,-0.0263608,81.655
1.36588,83.0473,-0.0263608,81.655
1.7413,83.4227,-0.0263608,81.655
2.1079,83.7893,-0.0259026,81.6555
2.47339,84.1548,-0.0232302,81.6582
2.84174,84.5231,-0.0119331,81.6695
-3.07295,84.8916,0.0293815,81.7108
-2.69881,85.2658,0.161632,81.843
-2.32262,85.642,0.516361,82.1978
-1.94077,86.0238,0.945446,82.6269
-1.54289,86.4217,1.34604,83.0274
-1.10995,86.8546,1.7265,83.4079
-0.606404,87.3582,2.09767,83.7791
-0.112239,87.8524,2.46754,84.1489
-0.0176541,87.9469,2.84026,84.5217
-0.000983055,87.9636,-3.13887,84.8257
-0.000983055,87.9636,-2.76021,85.2044
-0.000983055,87.9636,-2.37941,85.5852
-0.000983055,87.9636,-1.99259,85.972
-0.000983055,87.9636,-1.58814,86.3765
-0.000983055,87.9636,-1.14498,86.8196
-0.000983055,87.9636,-0.622734,87.3419
-0.000983055,87.9636,-0.158513,87.8061
-0.000983055,87.9636,-0.0378737,87.9267
-0.000983055,87.9636,-0.0263608,87.9382
-0.000983055,87.9636,-0.0263608,87.9382
-0.000983055,87.9636,-0.0263608,87.9382
-0.000983055,87.9636,-0.0263608,87.9382
-0.000899812,87.9637,-0.0263608,87.9382
0.000104079,87.9647,-0.0263608,87.9382
0.00434409,87.9689,-0.0263608,87.9382
0.0186499,87.9832,-0.0263608,87.9382
0.0614469,88.026,-0.0263608,87.9382
0.176136,88.1407,-0.0263608,87.9382
0.455259,88.4199,-0.0263608,87.9382
0.889455,88.854,-0.0263608,87.9382
1.28992,89.2545,-0.0263608,87.9382
1.66803,89.6326,-0.0263608,87.9382
2.03571,90.0003,-0.0260644,87.9385
2.40103,90.3656,-0.0241108,87.9405
2.76873,90.7333,-0.0155372,87.9491
3.14001,91.1046,0.0166838,87.9813
-2.77268,91.4751,0.122594,88.0872
-2.39697,91.8508,0.424473,88.3891
-2.01677,92.231,0.860374,88.825
-1.62331,92.6245,1.26683,89.2314
-1.19937,93.0484,1.65042,89.615
-0.715828,93.532,2.02277,89.9874
-0.156914,94.0909,2.39249,90.3571
-0.0377168,94.2101,2.76453,90.7291
-0.000983055,94.2468,3.14018,91.1048
-0.000983055,94.2468,-2.83691,91.4109
-0.000983055,94.2468,-2.45664,91.7911
-0.000983055,94.2468,-2.07164,92.1761
-0.000983055,94.2468,-1.67218,92.5756
-0.000983055,94.2468,-1.23895,93.0088
-0.000983055,94.2468,-0.741598,93.5062
-0.000983055,94.2468,-0.206587,94.0412
-0.000983055,94.2468,-0.0519833,94.1958
-0.000983055,94.2468,-0.0263608,94.2214
-0.000983055,94.2468,-0.0263608,94.2214
-0.000983055,94.2468,-0.0263608,94.2214
-0.000983055,94.2468,-0.0263608,94.2214
-0.000983055,94.2468,-0.0263608,94.2214
-0.000286412,94.2475,-0.0263608,94.2214
0.00297174,94.2508,-0.0263608,94.2214
0.0142986,94.2621,-0.0263608,94.2214
0.0488726,94.2967,-0.0263608,94.2214
0.143299,94.3911,-0.0263608,94.2214
0.377688,94.6255,-0.0263608,94.2214
0.8117,95.0595,-0.0263608,94.2214
1.21624,95.464,-0.0263608,94.2214
1.59726,95.845,-0.0263608,94.2214
1.9662,96.214,-0.0261904,94.2216
2.33148,96.5793,-0.024786,94.223
2.69854,96.9463,-0.0183196,94.2295
3.06917,97.3169,0.00665121,94.2544
-2.8439,97.6871,0.0909348,94.3387
-2.46859,98.0624,0.340463,94.5882
-2.0897,98.4413,0.778285,95.0261
-1.6998,98.8312,1.19032,95.4381
-1.28324,99.2477,1.57734,95.8251
-0.813762,99.7172,1.95117,96.1989
-0.232948,100.298,2.32096,96.5687
-0.0576659,100.473,2.6924,96.9402
-0.000983055,100.53,3.06745,97.3152
-0.000983055,100.53,-2.90999,97.621
-0.000983055,100.53,-2.53012,98.0008
-0.000983055,100.53,-2.14648,98.3845
-0.000983055,100.53,-1.75102,98.7799
-0.000983055,100.53,-1.3262,99.2048
-0.000983055,100.53,-0.846233,99.6847
-0.000983055,100.53,-0.273812,100.257
-0.000983055,100.53,-0.0702588,100.461
-0.000983055,100.53,-0.0263608,100.505
-0.000983055,100.53,-0.0263608,100.505
-0.000983055,100.53,-0.0263608,100.505
-0.000983055,100.53,-0.0263608,100.505
-0.000983055,100.53,-0.0263608,100.505
-0.00048935,100.53,-0.0263608,100.505
0.0020026,100.533,-0.0263608,100.505
0.0109288,100.542,-0.0263608,100.505
0.038787,100.57,-0.0263608,100.505
0.116626,100.648,-0.0263608,100.505
0.313927,100.845,-0.0263608,100.505
0.730489,101.261,-0.0263608,100.505
1.1392,101.67,-0.0263608,100.505
1.52389,102.055,-0.0263608,100.505
1.89448,102.425,-0.0262905,100.505
2.25986,102.791,-0.0253055,100.506
2.62625,103.157,-0.0204555,100.511
2.99612,103.527,-0.00119106,100.53
-2.91745,103.897,0.0655622,100.597
-2.54257,104.272,0.26869,100.8
-2.16479,104.649,0.696159,101.227
-1.77802,105.036,1.11319,101.644
-1.36822,105.446,1.50395,102.035
-0.911405,105.903,1.87956,102.411
-0.345339,106.469,2.24955,102.781
-0.073252,106.741,2.62041,103.151
-0.000983055,106.813,2.99475,103.526
-0.000983055,106.813,-2.98315,103.831
-0.000983055,106.813,-2.60366,104.21
-0.000983055,106.813,-2.22114,104.593
-0.000983055,106.813,-1.82902,104.985
-0.000983055,106.813,-1.41164,105.403
-0.000983055,106.813,-0.944996,105.869
-0.000983055,106.813,-0.369692,106.444
-0.000983055,106.813,-0.0930528,106.721
-0.000983055,106.813,-0.0263608,106.788
-0.000983055,106.813,-0.0263608,106.788
-0.000983055,106.813,-0.0263608,106.788
-0.000983055,106.813,-0.0263608,106.788
-0.000983055,106.813,-0.0263608,106.788
-0.000652679,106.813,-0.0263608,106.788
0.00123276,106.815,-0.0263608,106.788
0.00825231,106.822,-0.0263608,106.788
0.0307019,106.845,-0.0263608,106.788
0.0949635,106.909,-0.0263608,106.788
0.26125,107.075,-0.0263608,106.788
0.641026,107.455,-0.0263608,106.788
1.05649,107.871,-0.0263608,106.788
1.44638,108.261,-0.0263608,106.788
1.81936,108.634,-0.0263608,106.788
2.18524,108.999,-0.0256916,106.788
2.55115,109.365,-0.0220746,106.792
2.9203,109.734,-0.00726007,106.807
-2.99378,110.104,0.0454476,106.86
-2.61925,110.478,0.20985,107.024
-2.24233,110.855,0.609355,107.424
-1.85822,111.239,1.0318,107.846
-1.45467,111.643,1.4272,108.241
-1.01023,112.087,1.80512,108.619
-0.476191,112.621,2.17558,108.99
-0.085159,113.012,2.54593,109.36
-0.00142618,113.096,2.91951,109.734
-0.000983055,113.096,-3.05892,110.038
-0.000983055,113.096,-2.67981,110.418
-0.000983055,113.096,-2.29821,110.799
-0.000983055,113.096,-1.90893,111.188
-0.000983055,113.096,-1.49831,111.599
-0.000983055,113.096,-1.04361,112.054
-0.000983055,113.096,-0.49038,112.607
-0.000983055,113.096,-0.119439,112.978
-0.000983055,113.096,-0.026466,113.071
-0.000983055,113.096,-0.0263608,113.071
-0.000983055,113.096,-0.0263608,113.071
-0.000983055,113.096,-0.0263608,113.071
-0.000983055,113.096,-0.0263608,113.071
-0.000786741,113.097,-0.0263608,113.071
0.000612729,113.098,-0.0263608,113.071
0.00610028,113.103,-0.0263608,113.071
0.0241107,113.121,-0.0263608,113.071
0.0768668,113.174,-0.0263608,113.071
0.215871,113.313,-0.0263608,113.071
0.546323,113.644,-0.0263608,113.071
0.97149,114.069,-0.0263608,113.071
1.36679,114.464,-0.0263608,113.071
1.74217,114.84,-0.0263608,113.071
2.10877,115.206,-0.0259012,113.071
2.47426,115.572,-0.0232223,113.074
2.84262,115.94,-0.0119008,113.085
-3.07207,116.308,0.0294931,113.127
-2.69792,116.683,0.161968,113.259
-2.32172,117.059,0.517083,113.614
-1.93986,117.441,0.94611,114.043
-1.54192,117.839,1.34666,114.444
-1.10885,118.272,1.7271,114.824
-0.605024,118.775,2.09826,115.196
-0.111853,119.269,2.46813,115.565
-0.0174423,119.363,2.84086,115.938
-0.000983055,119.38,-3.13827,116.242
-0.000983055,119.38,-2.7596,116.621
-0.000983055,119.38,-2.3788,117.002
-0.000983055,119.38,-1.99196,117.389
-0.000983055,119.38,-1.58746,117.793
-0.000983055,119.38,-1.14422,118.236
-0.000983055,119.38,-0.621757,118.759
-0.000983055,119.38,-0.158189,119.222
-0.000983055,119.38,-0.0377778,119.343
-0.000983055,119.38,-0.0263608,119.354
-0.000983055,119.38,-0.0263608,119.354
-0.000983055,119.38,-0.0263608,119.354
-0.000983055,119.38,-0.0263608,119.354
-0.000898447,119.38,-0.0263608,119.354
0.000110096,119.381,-0.0263608,119.354
0.00436471,119.385,-0.0263608,119.354
0.0187145,119.399,-0.0263608,119.354
0.0616322,119.442,-0.0263608,119.354
0.176619,119.557,-0.0263608,119.354
0.456394,119.837,-0.0263608,119.354
0.89051,120.271,-0.0263608,119.354
1.29091,120.671,-0.0263608,119.354
1.66899,121.05,-0.0263608,119.354
2.03665,121.417,-0.0260629,119.354
2.40198,121.783,-0.0241028,119.356
2.76968,122.15,-0.0155042,119.365
3.14096,122.521,0.0168014,119.397
-2.77172,122.892,0.122959,119.503
-2.396,123.268,0.425396,119.806
-2.01579,123.648,0.861239,120.242
-1.62227,124.041,1.26763,120.648
-1.19822,124.465,1.65119,121.032
-0.714465,124.949,2.02352,121.404
-0.156136,125.508,2.39325,121.774
-0.0374384,125.626,2.76529,122.146
-0.000983055,125.663,3.14095,122.521
-0.000983055,125.663,-2.83613,122.828
-0.000983055,125.663,-2.45586,123.208
-0.000983055,125.663,-2.07084,123.593
-0.000983055,125.663,-1.67134,123.992
-0.000983055,125.663,-1.23802,124.426
-0.000983055,125.663,-0.74045,124.923
-0.000983055,125.663,-0.206012,125.458
-0.000983055,125.663,-0.0518197,125.612
-0.000983055,125.663,-0.0263608,125.637
-0.000983055,125.663,-0.0263608,125.637
-0.000983055,125.663,-0.0263608,125.637
-0.000983055,125.663,-0.0263608,125.637
-0.000983055,125.663,-0.0263608,125.637
-0.000283748,125.663,-0.0263608,125.637
0.0029844,125.667,-0.0263608,125.637
0.0143424,125.678,-0.0263608,125.637
0.0490037,125.713,-0.0263608,125.637
0.143646,125.807,-0.0263608,125.637
0.378519,126.042,-0.0263608,125.637
0.812623,126.476,-0.0263608,125.637
1.21712,126.881,-0.0263608,125.637
1.59811,127.262,-0.0263608,125.637
1.96703,127.631,-0.0261892,125.638
2.3323,127.996,-0.0247794,125.639
2.69937,128.363,-0.0182927,125.645
3.07001,128.734,0.00674936,125.67
-2.84305,129.104,0.0912492,125.755
-2.46774,129.479,0.341332,126.005
-2.08883,129.858,0.779186,126.443
-1.6989,130.248,1.19116,126.855
-1.28226,130.665,1.57814,127.242
-0.812623,131.134,1.95196,127.616
-0.231826,131.715,2.32174,127.985
-0.0574491,131.889,2.6932,128.357
-0.000983055,131.946,3.06825,128.732
-0.000983055,131.946,-2.90919,129.038
-0.000983055,131.946,-2.52931,129.418
-0.000983055,131.946,-2.14566,129.801
-0.000983055,131.946,-1.75016,130.197
-0.000983055,131.946,-1.32526,130.622
-0.000983055,131.946,-0.845122,131.102
-0.000983055,131.946,-0.272919,131.674
-0.000983055,131.946,-0.0700293,131.877
-0.000983055,131.946,-0.0263608,131.921
-0.000983055,131.946,-0.0263608,131.921
-0.000983055,131.946,-0.0263608,131.921
-0.000983055,131.946,-0.0263608,131.921
-0.000983055,131.946,-0.0263608,131.921
-0.000487656,131.946,-0.0263608,131.921
0.00201057,131.949,-0.0263608,131.921
0.0109564,131.958,-0.0263608,131.921
0.0388699,131.986,-0.0263608,131.921
0.116847,132.064,-0.0263608,131.921
0.314461,132.261,-0.0263608,131.921
0.73128,132.678,-0.0263608,131.921
1.13994,133.087,-0.0263608,131.921
1.5246,133.471,-0.0263608,131.921
1.89517,133.842,-0.0262895,131.921
2.26054,134.207,-0.0253008,131.922
2.62694,134.574,-0.0204363,131.926
2.99682,134.944,-0.00112022,131.946
-2.91675,135.313,0.0657946,132.013
-2.54187,135.688,0.269363,132.216
-2.16408,136.066,0.697025,132.644
-1.77728,136.453,1.11401,133.061
-1.36742,136.863,1.50473,133.452
-0.910486,137.32,1.88031,133.827
-0.344164,137.886,2.2503,134.197
-0.0731301,138.157,2.62116,134.568
-0.000983055,138.229,2.99551,134.942
-0.000983055,138.229,-2.98238,135.248
-0.000983055,138.229,-2.60288,135.627
-0.000983055,138.229,-2.22036,136.01
-0.000983055,138.229,-1.8282,136.402
-0.000983055,138.229,-1.41075,136.819
-0.000983055,138.229,-0.943981,137.286
-0.000983055,138.229,-0.368551,137.862
-0.000983055,138.229,-0.0927974,138.137
-0.000983055,138.229,-0.0263608,138.204
-0.000983055,138.229,-0.0263608,138.204
-0.000983055,138.229,-0.0263608,138.204
-0.000983055,138.229,-0.0263608,138.204
-0.000983055,138.229,-0.0263608,138.204
-0.00065151,138.229,-0.0263608,138.204
0.00123823,138.231,-0.0263608,138.204
0.00827128,138.238,-0.0263608,138.204
0.0307595,138.261,-0.0263608,138.204
0.0951193,138.325,-0.0263608,138.204
0.261633,138.492,-0.0263608,138.204
0.641764,138.872,-0.0263608,138.204
1.05717,139.287,-0.0263608,138.204
1.44702,139.677,-0.0263608,138.204
1.81998,140.05,-0.0263608,138.204
2.18585,140.416,-0.0256894,138.204
2.55177,140.782,-0.0220626,138.208
2.92092,141.151,-0.00721182,138.223
-2.99315,141.52,0.0456117,138.276
-2.61862,141.895,0.210339,138.44
-2.2417,142.272,0.610187,138.84
-1.85756,142.656,1.03258,139.263
-1.45397,143.059,1.42794,139.658
-1.00942,143.504,1.80584,140.036
-0.475112,144.038,2.17629,140.406
-0.0849858,144.428,2.54665,140.777
-0.0013217,144.512,2.92024,141.15
-0.000983055,144.512,-3.05819,141.455
-0.000983055,144.512,-2.67907,141.834
-0.000983055,144.512,-2.29746,142.216
-0.000983055,144.512,-1.90816,142.605
-0.000983055,144.512,-1.49748,143.016
-0.000983055,144.512,-1.04266,143.471
-0.000983055,144.512,-0.489155,144.024
-0.000983055,144.512,-0.119104,144.394
-0.000983055,144.512,-0.0263711,144.487
-0.000983055,144.512,-0.0263608,144.487
-0.000983055,144.512,-0.0263608,144.487
-0.000983055,144.512,-0.0263608,144.487
-0.000983055,144.512,-0.0263608,144.487
-0.000785771,144.512,-0.0263608,144.487
0.000617182,144.514,-0.0263608,144.487
0.00611578,144.519,-0.0263608,144.487
0.0241585,144.537,-0.0263608,144.487
0.0769995,144.59,-0.0263608,144.487
0.216209,144.729,-0.0263608,144.487
0.547071,145.06,-0.0263608,144.487
0.972155,145.485,-0.0263608,144.487
1.36741,145.881,-0.0263608,144.487
1.74277,146.256,-0.0263608,144.487
2.10936,146.623,-0.0258996,144.487
2.47485,146.988,-0.0232137,144.49
2.84322,147.356,-0.0118657,144.501
-3.07146,147.725,0.0296155,144.543
-2.69731,148.099,0.162339,144.676
-2.32111,148.475,0.517886,145.031
-1.93923,148.857,0.946851,145.46
-1.54125,149.255,1.34736,145.861
-1.10811,149.688,1.72777,146.241
-0.604078,150.192,2.09892,146.612
-0.111589,150.685,2.46879,146.982
-0.0172947,150.779,2.84153,147.355
-0.000983055,150.795,-3.13759,147.659
-0.000983055,150.795,-2.75893,148.038
-0.000983055,150.795,-2.37811,148.418
-0.000983055,150.795,-1.99126,148.805
-0.000983055,150.795,-1.58672,149.21
-0.000983055,150.795,-1.14338,149.653
-0.000983055,150.795,-0.620665,150.176
-0.000983055,150.795,-0.157828,150.639
-0.000983055,150.795,-0.0376728,150.759
-0.000983055,150.795,-0.0263608,150.77
-0.000983055,150.795,-0.0263608,150.77
-0.000983055,150.795,-0.0263608,150.77
-0.000983055,150.795,-0.0263608,150.77
-0.000897554,150.796,-0.0263608,150.77
0.000114072,150.797,-0.0263608,150.77
0.00437843,150.801,-0.0263608,150.77
0.0187575,150.815,-0.0263608,150.77
0.0617551,150.858,-0.0263608,150.77
0.176937,150.973,-0.0263608,150.77
0.457139,151.254,-0.0263608,150.77
0.891202,151.688,-0.0263608,150.77
1.29156,152.088,-0.0263608,150.77
1.66962,152.466,-0.0263608,150.77
2.03727,152.834,-0.0260617,150.77
2.40259,153.199,-0.0240961,150.772
2.77031,153.567,-0.0154767,150.781
3.14159,153.938,0.0168995,150.813
-2.77109,154.309,0.123264,150.92
-2.39536,154.684,0.426166,151.223
-2.01514,155.064,0.861961,151.658
-1.62159,155.458,1.2683,152.065
-1.19747,155.882,1.65184,152.448
-0.713569,156.366,2.02415,152.821
-0.155627,156.924,2.39388,153.19
-0.0372537,157.042,2.76593,153.562
-0.000983055,157.079,3.14159,153.938
-0.000983055,157.079,-2.83549,154.244
-0.000983055,157.079,-2.45521,154.624
-0.000983055,157.079,-2.07018,155.009
-0.000983055,157.079,-1.67064,155.409
-0.000983055,157.079,-1.23724,155.842
-0.000983055,157.079,-0.739491,156.34
-0.000983055,157.079,-0.205533,156.874
-0.000983055,157.079,-0.0516816,157.028
-0.000983055,157.079,-0.0263608,157.053
-0.000983055,157.079,-0.0263608,157.053
-0.000983055,157.079,-0.0263608,157.053
-0.000983055,157.079,-0.0263608,157.053
-0.000983055,157.079,-0.0263608,157.053
-0.000281575,157.079,-0.0263608,157.053
0.00299484,157.083,-0.0263608,157.053
0.0143786,157.094,-0.0263608,157.053
0.0491116,157.129,-0.0263608,157.053
0.14393,157.224,-0.0263608,157.053
0.379194,157.459,-0.0263608,157.053
0.813369,157.893,-0.0263608,157.053
1.21783,158.297,-0.0263608,157.053
1.59879,158.678,-0.0263608,157.053
1.9677,159.047,-0.0261882,157.053
2.33297,159.413,-0.0247741,157.055
2.70004,159.78,-0.0182706,157.061
3.07069,160.15,0.00682995,157.086
-2.84237,160.52,0.091507,157.171
-2.46705,160.896,0.342043,157.422
-2.08813,161.275,0.779922,157.86
-1.69817,161.665,1.19185,158.271
-1.28146,162.081,1.5788,158.658
-0.811702,162.551,1.9526,159.032
-0.230927,163.132,2.32238,159.402
-0.0572761,163.306,2.69384,159.773
-0.000983055,163.362,3.0689,160.149
-0.000983055,163.362,-2.90853,160.454
-0.000983055,163.362,-2.52865,160.834
-0.000983055,163.362,-2.14499,161.218
-0.000983055,163.362,-1.74945,161.613
-0.000983055,163.362,-1.32448,162.038
-0.000983055,163.362,-0.844214,162.519
-0.000983055,163.362,-0.272194,163.091
-0.000983055,163.362,-0.0698447,163.293
-0.000983055,163.362,-0.0263608,163.336
-0.000983055,163.362,-0.0263608,163.336
-0.000983055,163.362,-0.0263608,163.336
-0.000983055,163.362,-0.0263608,163.336
-0.000983055,163.362,-0.0263608,163.336
-0.000485885,163.362,-0.0263608,163.336
0.00201897,163.365,-0.0263608,163.336
0.0109856,163.374,-0.0263608,163.336
0.0389579,163.402,-0.0263608,163.336
0.117081,163.48,-0.0263608,163.336
0.315024,163.678,-0.0263608,163.336
0.732109,164.095,-0.0263608,163.336
1.14072,164.504,-0.0263608,163.336
1.52534,164.888,-0.0263608,163.336
1.89588,165.259,-0.0262887,163.337
2.26126,165.624,-0.0252965,163.338
2.62766,165.99,-0.0204187,163.342
2.99755,166.36,-0.00105539,163.362
-2.91601,166.73,0.0660069,163.429
-2.54113,167.105,0.269976,163.633
-2.16333,167.483,0.69781,164.061
-1.7765,167.87,1.11474,164.478
-1.36657,168.279,1.50543,164.868
-0.909522,168.736,1.881,165.244
-0.342933,169.303,2.25098,165.614
-0.0730042,169.573,2.62185,165.985
-0.000983055,169.645,2.99621,166.359
-0.000983055,169.645,-2.98168,166.664
-0.000983055,169.645,-2.60218,167.044
-0.000983055,169.645,-2.21965,167.426
-0.000983055,169.645,-1.82746,167.819
-0.000983055,169.645,-1.40995,168.236
-0.000983055,169.645,-0.943058,168.703
-0.000983055,169.645,-0.367518,169.278
-0.000983055,169.645,-0.0925643,169.553
-0.000983055,169.645,-0.0263608,169.62
-0.000983055,169.645,-0.0263608,169.62
-0.000983055,169.645,-0.0263608,169.62
-0.000983055,169.645,-0.0263608,169.62
-0.000983055,169.645,-0.0263608,169.62
-0.000650096,169.645,-0.0263608,169.62
-0.000983055,169.645,-0.0263608,169.62
-0.000983055,169.645,-0.0263608,169.62
-0.000983055,169.645,-0.0263608,169.62
-0.000983055,169.645,-0.0263608,169.62
-0.000983055,169.645,-0.0263608,169.62
-0.000983055,169.645,-0.0263608,169.62
-0.000983055,169.645,-0.0263608,169.62
-0.000983055,169.645,-0.0263608,169.62
-0.000983055,169.645,-0.0263608,169.62
-0.000983055,169.645,-0.0263608,169.62
-0.000983055,169.645,-0.0263608,169.62
-0.000983055,169.645,-0.0263608,169.62
-0.000983055,169.645,-0.0263608,169.62
-0.000983055,169.645,-0.0263608,169.62
-0.000983055,169.645,-0.0263608,169.62
-0.000983055,169.645,-0.0263608,169.62
-0.000983055,169.645,-0.0263608,169.62
-0.000983055,169.645,-0.0263608,169.62
-0.000983055,169.645,-0.0263608,169.62
-0.000983055,169.645,-0.0263608,169.62
-0.000983055,169.645,-0.0263608,169.62
-0.000983055,169.645,-0.0263608,169.62
-0.000983055,169.645,-0.0263608,169.62
-0.000983055,169.645,-0.0263608,169.62
-0.000983055,169.645,-0.0263608,169.62
-0.000983055,169.645,-0.0263608,169.62
-0.000983055,169.645,-0.0263608,169.62
-0.000983055,169.645,-0.0263608,169.62
-0.000983055,169.645,-0.0263608,169.62
-0.000983055,169.645,-0.0263608,169.62
-0.000983055,169.645,-0.0263608,169.62
-0.000983055,169.645,-0.0263608,169.62
-0.000983055,169.645,-0.0263608,169.62
-0.000983055,169.645,-0.0263608,169.62
-0.000983055,169.645,-0.0263608,169.62
-0.000983055,169.645,-0.0263608,169.62
-0.000983055,169.645,-0.0263608,169.62
-0.000983055,169.645,-0.0263608,169.62
-0.000983055,169.645,-0.0263608,169.62
-0.000983055,169.645,-0.0263608,169.62
-0.000983055,169.645,-0.0263608,169.62
-0.000983055,169.645,-0.0263608,169.62
-0.000983055,169.645,-0.0263608,169.62
-0.000983055,169.645,-0.0263608,169.62
-0.000983055,169.645,-0.0263608,169.62
-0.000983055,169.645,-0.0263608,169.62
-0.000983055,169.645,-0.0263608,169.62
-0.000983055,169.645,-0.0263608,169.62
-0.000983055,169.645,-0.0263608,169.62
-0.000983055,169.645,-0.0263608,169.62
-0.000983055,169.645,-0.0263608,169.62
-0.000983055,169.645,-0.0263608,169.62
-0.000983055,169.645,-0.0263608,169.62
-0.000983055,169.645,-0.0263608,169.62
-0.000983055,169.645,-0.0263608,169.62
-0.000983055,169.645,-0.0263608,169.62
-0.000983055,169.645,-0.0263608,169.62
-0.000983055,169.645,-0.0263608,169.62
-0.000983055,169.645,-0.0263608,169.62
-0.000983055,169.645,-0.0263608,169.62
-0.000983055,169.645,-0.0263608,169.62
-0.000983055,169.645,-0.0263608,169.62
-0.000983055,169.645,-0.0263608,169.62
-0.000983055,169.645,-0.0263608,169.62
-0.000983055,169.645,-0.0263608,169.62
-0.000983055,169.645,-0.0263608,169.62
-0.000983055,169.645,-0.0263608,169.62
-0.000983055,169.645,-0.0263608,169.62
-0.000983055,169.645,-0.0263608,169.62
-0.000983055,169.645,-0.0263608,169.62
-0.000983055,169.645,-0.0263608,169.62
-0.000983055,169.645,-0.0263608,169.62
-0.000983055,169.645,-0.0263608,169.62
-0.000983055,169.645,-0.0263608,169.62
-0.000983055,169.645,-0.0263608,169.62
-0.000983055,169.645,-0.0263608,169.62
-0.000983055,169.645,-0.0263608,169.62
-0.000983055,169.645,-0.0263608,169.62
-0.000983055,169.645,-0.0263608,169.62
-0.000983055,169.645,-0.0263608,169.62
-0.000983055,169.645,-0.0263608,169.62
-0.000983055,169.645,-0.0263608,169.62
-0.000983055,169.645,-0.0263608,169.62
-0.000983055,169.645,-0.0263608,169.62
-0.000983055,169.645,-0.0263608,169.62
-0.000983055,169.645,-0.0263608,169.62
-0.000983055,169.645,-0.0263608,169.62
-0.000983055,169.645,-0.0263608,169.62
-0.000983055,169.645,-0.0263608,169.62
-0.000983055,169.645,-0.0263608,169.62
-0.000983055,169.645,-0.0263608,169.62
-0.000983055,169.645,-0.0263608,169.62
-0.000983055,169.645,-0.0263608,169.62
-0.000983055,169.645,-0.0263608,169.62
-0.000983055,169.645,-0.0263608,169.62
-0.000983055,169.645,-0.0263608,169.62
-0.000983055,169.645,-0.0263608,169.62
-0.000983055,169.645,-0.0263608,169.62
-0.000983055,169.645,-0.0263608,169.62
-0.000983055,169.645,-0.0263608,169.62
-0.000983055,169.645,-0.0263608,169.62
-0.000983055,169.645,-0.0263608,169.62
-0.000983055,169.645,-0.0263608,169.62
-0.000983055,169.645,-0.0263608,169.62
-0.000983055,169.645,-0.0263608,169.62
-0.000983055,169.645,-0.0263608,169.62
-0.000983055,169.645,-0.0263608,169.62
-0.000983055,169.645,-0.0263608,169.62
-0.000983055,169.645,-0.0263608,169.62
-0.000983055,169.645,-0.0263608,169.62
-0.000983055,169.645,-0.0263608,169.62
-0.000983055,169.645,-0.0263608,169.62
-0.000983055,169.645,-0.0263608,169.62
-0.000983055,169.645,-0.0263608,169.62
-0.000983055,169.645,-0.0263608,169.62
-0.000983055,169.645,-0.0263608,169.62
-0.000983055,169.645,-0.0263608,169.62
-0.000983055,169.645,-0.0263608,169.62
-0.000983055,169.645,-0.0263608,169.62
-0.000983055,169.645,-0.0263608,169.62
-0.000983055,169.645,-0.0263608,169.62
-0.000983055,169.645,-0.0263608,169.62
-0.000983055,169.645,-0.0263608,169.62
-0.000983055,169.645,-0.0263608,169.62
-0.000983055,169.645,-0.0263608,169.62
-0.000983055,169.645,-0.0263608,169.62
-0.000983055,169.645,-0.0263608,169.62
-0.000983055,169.645,-0.0263608,169.62
